epoch,global_step,loss,dpo_loss,sft_nll_loss,chosen_logp,rejected_logp,preference_margin,reference_drift,mean_batch_weight
1.0,1.0,0.699851393699646,0.6998513340950012,8.424290740549623e-07,-0.0008188410429283977,-128.18467712402344,-0.133636474609375,5.650368984788656e-05,1.0
1.0,2.0,0.649466872215271,0.6494668126106262,8.713897159395856e-07,-0.0008522191201336682,-125.27558898925781,0.8935623168945312,7.903191726654768e-05,1.0
1.0,3.0,0.5353031158447266,0.5353029370307922,1.7402417142875493e-06,-0.0019229671452194452,-119.32013702392578,3.4535980224609375,5.0055794417858124e-05,1.0
1.0,4.0,0.41007229685783386,0.4100721776485443,1.1351467037457041e-06,-0.0009081173338927329,-129.08001708984375,6.793891906738281,9.559601312503219e-05,1.0
1.0,5.0,0.35856500267982483,0.35856491327285767,9.521459105599206e-07,-0.0007483866647817194,-130.74264526367188,8.410118103027344,8.845055708661675e-05,1.0
1.0,6.0,0.4295617640018463,0.429561585187912,1.775284204086347e-06,-0.0014308791141957045,-142.8826446533203,6.2253265380859375,0.0007692608051002026,1.0
1.0,7.0,0.5019334554672241,0.5019333362579346,1.0836942010428174e-06,-0.0008593694656156003,-132.38461303710938,4.2784576416015625,2.740707714110613e-06,1.0
1.0,8.0,0.3231232464313507,0.32312312722206116,1.0921003195107915e-06,-0.001068074139766395,-136.1680450439453,9.638137817382812,5.4837437346577644e-06,1.0
1.0,9.0,0.3151755928993225,0.3151719868183136,3.610304702306166e-05,-0.03631966561079025,-139.9838409423828,9.929153442382812,0.003428027033805847,1.0
1.0,10.0,0.2044876664876938,0.20448756217956543,1.108159722207347e-06,-0.0008832032908685505,-138.70144653320312,14.832626342773438,9.845505701377988e-05,1.0
1.0,11.0,0.33315297961235046,0.3331528604030609,1.256041514352546e-06,-0.0009947848739102483,-143.00697326660156,9.279571533203125,4.8040528781712055e-05,1.0
1.0,12.0,0.22702614963054657,0.2270258218050003,3.263495500505087e-06,-0.0019548337440937757,-164.1226806640625,13.670318603515625,9.416742250323296e-05,1.0
1.0,13.0,0.1514526903629303,0.1512702852487564,0.0018240830395370722,-1.8295552730560303,-146.49508666992188,18.120986938476562,0.11061453819274902,1.0
1.0,14.0,0.16391140222549438,0.16391123831272125,1.666034449954168e-06,-0.0017576663522049785,-148.64144897460938,17.253555297851562,0.00020954373758286238,1.0
1.0,15.0,0.21770240366458893,0.2177020162343979,3.897735496138921e-06,-0.0024594711139798164,-162.48231506347656,14.138031005859375,0.00029659317806363106,1.0
1.0,16.0,0.09904315322637558,0.09904269129037857,4.655160864786012e-06,-0.004901884589344263,-153.16250610351562,22.62274169921875,4.600547254085541e-05,1.0
1.0,17.0,0.24366748332977295,0.243667334318161,1.4622693242927198e-06,-0.0015997226582840085,-147.5902099609375,12.876449584960938,0.0007320292061194777,1.0
1.0,18.0,0.05139955133199692,0.05139945447444916,9.714526640891563e-07,-0.0007616188959218562,-147.4706573486328,29.423179626464844,1.788040390238166e-05,1.0
1.0,19.0,0.03314650431275368,0.03314641863107681,8.630100865048007e-07,-0.0006809149635955691,-152.37045288085938,33.902015686035156,3.455555997788906e-06,1.0
1.0,20.0,0.11067523062229156,0.11067499965429306,2.311542857569293e-06,-0.001812249538488686,-156.41238403320312,21.453094482421875,0.00038736790884286165,1.0
1.0,21.0,0.14537577331066132,0.14537563920021057,1.2735449672618415e-06,-0.0010099211940541863,-158.02328491210938,18.548660278320312,2.9323273338377476e-05,1.0
1.0,22.0,0.03928661346435547,0.03928649425506592,1.1857482604682446e-06,-0.0009402983705513179,-157.5679168701172,32.171669006347656,1.5375320799648762e-05,1.0
1.0,23.0,0.1397360861301422,0.13973598182201385,1.1108436410722788e-06,-0.000878677295986563,-150.84051513671875,18.973190307617188,8.475687354803085e-05,1.0
1.0,24.0,0.022753719240427017,0.022753626108169556,9.326849976787344e-07,-0.000736821151804179,-162.55215454101562,37.71632385253906,4.292232915759087e-06,1.0
1.0,25.0,0.045442141592502594,0.04544200748205185,1.3366961866267957e-06,-0.001070693600922823,-158.4595947265625,30.68511199951172,8.70097428560257e-05,1.0
1.0,26.0,0.019915888085961342,0.019915707409381866,1.7989901834880584e-06,-0.0014194032410159707,-164.12362670898438,39.062721252441406,0.00026543333660811186,1.0
1.0,27.0,0.024008752778172493,0.024008655920624733,9.704825743028778e-07,-0.0007560059311799705,-156.14974975585938,37.173126220703125,2.7655682060867548e-05,1.0
1.0,28.0,0.12429634481668472,0.12429619580507278,1.5223943137243623e-06,-0.0016852904809638858,-149.3930206298828,20.22296142578125,0.0002451702021062374,1.0
1.0,29.0,0.022570695728063583,0.022287962958216667,0.0028273300267755985,-2.584179639816284,-167.1624298095703,37.925437927246094,0.23441743850708008,1.0
1.0,30.0,0.023865794762969017,0.023865675553679466,1.2010755199298728e-06,-0.0009524528868496418,-159.95065307617188,37.23357391357422,3.158394247293472e-05,1.0
1.0,31.0,0.027368636801838875,0.027368510141968727,1.2650441476580454e-06,-0.0013902834616601467,-150.52069091796875,35.846466064453125,0.0005466159200295806,1.0
1.0,32.0,0.054144103080034256,0.05414396524429321,1.395176695950795e-06,-0.001517952186986804,-159.89056396484375,28.889144897460938,2.1207029931247234e-05,1.0
1.0,33.0,0.01348616648465395,0.013486063107848167,1.033987814480497e-06,-0.0010050361743196845,-168.466796875,42.99347686767578,0.00014338188339024782,1.0
1.0,34.0,0.020151667296886444,0.020151542499661446,1.2532540267784498e-06,-0.0009863108862191439,-160.3202667236328,38.943817138671875,2.6699621230363846e-05,1.0
1.0,35.0,0.015233338810503483,0.015147924423217773,0.0008541397983208299,-0.8481608033180237,-168.0299835205078,41.823081970214844,0.3289622664451599,1.0
1.0,36.0,0.014354623854160309,0.014354486018419266,1.377056378260022e-06,-0.0013343676691874862,-170.1844482421875,42.36506652832031,0.00016196677461266518,1.0
1.0,37.0,0.013528366573154926,0.013528254814445972,1.1200323797311285e-06,-0.0008859455701895058,-161.60507202148438,42.96202850341797,3.340828698128462e-06,1.0
1.0,38.0,0.0622825101017952,0.06228238716721535,1.228269184139208e-06,-0.000954365124925971,-168.7249298095703,27.447738647460938,5.608017090708017e-06,1.0
1.0,39.0,0.05346709489822388,0.05346665158867836,4.427029580256203e-06,-0.0026208015624433756,-178.86776733398438,29.018447875976562,0.0001483734231442213,1.0
1.0,40.0,0.012389304116368294,0.012389015406370163,2.891673148042173e-06,-0.0022583967074751854,-168.0035858154297,43.847442626953125,0.00028856610879302025,1.0
1.0,41.0,0.03663908690214157,0.03620276227593422,0.004363256972283125,-2.9277455806732178,-185.5752716064453,33.004638671875,0.1285240650177002,1.0
1.0,42.0,0.025556396692991257,0.025555595755577087,8.006704774743412e-06,-0.005460572429001331,-183.1071319580078,36.54093933105469,0.0010469602420926094,1.0
1.0,43.0,0.013680987060070038,0.013670562766492367,0.00010424236097605899,-0.08005813509225845,-162.22511291503906,42.85667419433594,0.12215615063905716,1.0
1.0,44.0,0.034237347543239594,0.03423718735575676,1.6180607644855627e-06,-0.0017523597925901413,-168.53176879882812,33.57275390625,8.982268627732992e-05,1.0
1.0,45.0,0.008853543549776077,0.008853396400809288,1.4745212411071407e-06,-0.0011427539866417646,-164.0225830078125,47.225242614746094,0.000293287739623338,1.0
1.0,46.0,0.010969399474561214,0.010969312861561775,8.618803235549422e-07,-0.0006817473331466317,-169.54689025878906,45.07164001464844,1.0249321348965168e-05,1.0
1.0,47.0,0.0077302101999521255,0.0077301207929849625,8.942812428358593e-07,-0.0007055879104882479,-174.28244018554688,48.58763122558594,4.766916390508413e-06,1.0
1.0,48.0,0.008260183967649937,0.008260072208940983,1.119267267313262e-06,-0.0012356711085885763,-163.693115234375,47.92189025878906,0.0010685182642191648,1.0
1.0,49.0,0.009647253900766373,0.009647159837186337,9.387597401655512e-07,-0.0007284775492735207,-167.9754180908203,46.362640380859375,2.8727459721267223e-05,1.0
1.0,50.0,0.039662860333919525,0.03966272994875908,1.3143850310370908e-06,-0.0010541367810219526,-168.68255615234375,32.074462890625,0.00010214874055236578,1.0
1.0,51.0,0.012608570046722889,0.012608484365046024,8.548014420739491e-07,-0.0006710191373713315,-163.79351806640625,43.670745849609375,1.2399221304804087e-05,1.0
1.0,52.0,0.008827527984976768,0.008823164738714695,4.363619882497005e-05,-0.03992712125182152,-179.80941772460938,47.25959777832031,0.007819939404726028,1.0
1.0,53.0,0.019008975476026535,0.019008819013834,1.5661790939702769e-06,-0.0012419800041243434,-171.4781494140625,39.5333251953125,2.8731999918818474e-05,1.0
1.0,54.0,0.008504376746714115,0.008504192344844341,1.8421123968437314e-06,-0.0020042182877659798,-164.79547119140625,47.62940979003906,5.219108425080776e-05,1.0
1.0,55.0,0.028618792071938515,0.028618672862648964,1.1938608395212214e-06,-0.0009538948070257902,-173.59556579589844,35.393524169921875,7.032760186120868e-05,1.0
1.0,56.0,0.006681334692984819,0.006681239232420921,9.535074241284747e-07,-0.0007608989253640175,-166.91432189941406,50.05109405517578,3.455032128840685e-06,1.0
1.0,57.0,0.005020805634558201,0.005020689684897661,1.1586497521420824e-06,-0.0009141746559180319,-169.34207153320312,52.91676330566406,2.0743929781019688e-05,1.0
1.0,58.0,0.003235964337363839,0.0032358651515096426,9.918450132317957e-07,-0.0009660570067353547,-187.40255737304688,57.31840515136719,5.4114614613354206e-05,1.0
1.0,59.0,0.03689904510974884,0.0368988923728466,1.5240782431646949e-06,-0.0016658175736665726,-156.07135009765625,32.81067657470703,0.001255520386621356,1.0
1.0,60.0,0.008923761546611786,0.008923644199967384,1.171583789982833e-06,-0.000927894318010658,-172.2133331298828,47.14585876464844,7.616408402100205e-05,1.0
1.0,61.0,0.010383522137999535,0.010383393615484238,1.2843581771448953e-06,-0.0009902401361614466,-168.3223419189453,45.623512268066406,0.00012825708836317062,1.0
1.0,62.0,0.006960546597838402,0.006960354745388031,1.9176759451511316e-06,-0.002028901129961014,-179.01438903808594,49.64042663574219,0.0003830792848020792,1.0
1.0,63.0,0.010329112410545349,0.010328873060643673,2.3896129732747795e-06,-0.0018543396145105362,-167.1388397216797,45.676429748535156,0.000679328921250999,1.0
1.0,64.0,0.023801252245903015,0.023801112547516823,1.3901718602937763e-06,-0.0011065767612308264,-179.35806274414062,37.260986328125,0.0001576857757754624,1.0
1.0,65.0,0.049844447523355484,0.049843985587358475,4.616551450453699e-06,-0.0032131196931004524,-137.1024169921875,29.738319396972656,7.76899978518486e-05,1.0
1.0,66.0,0.11766838282346725,0.11760850250720978,0.0005987844197079539,-0.5892038941383362,-257.1878967285156,20.810134887695312,0.0020402073860168457,1.0
1.0,67.0,0.13151267170906067,0.13151229918003082,3.7771640108985594e-06,-0.0022814071271568537,-233.1023406982422,19.621780395507812,0.00039754249155521393,1.0
1.0,68.0,0.12496396154165268,0.12496383488178253,1.2396910733514233e-06,-0.0012086988426744938,-255.97348022460938,20.165985107421875,0.00023822992807254195,1.0
1.0,69.0,0.10738787055015564,0.10736692696809769,0.00020941080583725125,-0.20836375653743744,-259.9914855957031,21.773391723632812,0.0959697738289833,1.0
1.0,70.0,0.11164902150630951,0.11164862662553787,3.926921635866165e-06,-0.002521083690226078,-246.65977478027344,21.360549926757812,0.00018073804676532745,1.0
1.0,71.0,0.07751351594924927,0.07751322537660599,2.9043912945780903e-06,-0.0026720399037003517,-255.60464477539062,25.182998657226562,0.0015842858701944351,1.0
1.0,72.0,0.05358847603201866,0.05337266996502876,0.002158047631382942,-2.1645216941833496,-270.05938720703125,29.036514282226562,0.4019291400909424,1.0
1.0,73.0,0.04857407137751579,0.04857396334409714,1.0723742889240384e-06,-0.001054143882356584,-266.37640380859375,30.002822875976562,0.00010572635801509023,1.0
1.0,74.0,0.01244635321199894,0.012446236796677113,1.160653823717439e-06,-0.0012825224548578262,-278.04010009765625,43.80107116699219,0.0009591553825885057,1.0
1.0,75.0,0.014541172422468662,0.01454103086143732,1.419018417436746e-06,-0.0015069975052028894,-272.58087158203125,42.235015869140625,0.00013291917275637388,1.0
1.0,76.0,0.02097228169441223,0.020972177386283875,1.0429511121401447e-06,-0.0008103729924187064,-260.0596923828125,38.54054260253906,0.00015757657820358872,1.0
1.0,77.0,0.013362265191972256,0.013360564596951008,1.700873144727666e-05,-0.016889670863747597,-283.8459167480469,43.08760070800781,0.009602051228284836,1.0
1.0,78.0,0.01084187813103199,0.01084175892174244,1.195954723698378e-06,-0.0009507840150035918,-265.0323486328125,45.189239501953125,4.3025880586355925e-05,1.0
1.0,79.0,0.006990041583776474,0.006989882793277502,1.5860118764976505e-06,-0.0012466053012758493,-274.3153381347656,49.59794616699219,5.742907524108887e-05,1.0
1.0,80.0,0.003977533429861069,0.0038414730224758387,0.0013606027932837605,-1.3429149389266968,-295.9273986816406,55.59977722167969,0.060080647468566895,1.0
