case_id,split,risk_level,audit_result,primary_anomaly_type,transition,issues,m2_issues,m3_issues
MV_MAIN_010706,test_clean,high,reject_recommendation,amount_mismatch,m2_correct_to_m3_wrong,audit_mismatch,,audit_mismatch
MV_MAIN_005669,test_clean,high,reject_recommendation,amount_mismatch,m2_correct_to_m3_wrong,audit_mismatch,,audit_mismatch
MV_MAIN_020502,test_clean,high,reject_recommendation,over_reimbursement,m2_correct_to_m3_wrong,audit_mismatch,,audit_mismatch
MV_MAIN_019205,test_clean,high,reject_recommendation,amount_mismatch,m2_correct_to_m3_wrong,audit_mismatch,,audit_mismatch
MV_MAIN_030149,test_clean,high,reject_recommendation,amount_mismatch,m2_correct_to_m3_wrong,audit_mismatch,,audit_mismatch
MV_MAIN_034391,test_clean,high,reject_recommendation,amount_mismatch,m2_correct_to_m3_wrong,audit_mismatch,,audit_mismatch
MV_MAIN_028005,test_clean,high,reject_recommendation,over_reimbursement,m2_correct_to_m3_wrong,audit_mismatch,,audit_mismatch
MV_MAIN_009195,test_clean,high,reject_recommendation,over_reimbursement,m2_correct_to_m3_wrong,audit_mismatch,,audit_mismatch
MV_MAIN_016441,test_clean,high,reject_recommendation,over_reimbursement,m2_correct_to_m3_wrong,audit_mismatch,,audit_mismatch
MV_MAIN_027334,test_clean,high,reject_recommendation,amount_mismatch,m2_correct_to_m3_wrong,audit_mismatch,,audit_mismatch
MV_MAIN_036059,test_clean,high,reject_recommendation,merchant_mismatch,m2_correct_to_m3_wrong,bbox_strict_error,,bbox_strict_error
MV_MAIN_024815,test_clean,high,reject_recommendation,amount_mismatch,m2_correct_to_m3_wrong,audit_mismatch,,audit_mismatch
MV_MAIN_000812,test_clean,high,reject_recommendation,order_id_mismatch,m2_wrong_to_m3_correct,high_risk_miss|audit_mismatch|unsupported_evidence|bbox_strict_error,high_risk_miss|audit_mismatch|unsupported_evidence|bbox_strict_error,
MV_MAIN_010382,test_clean,low,pass,none,m2_correct_to_m3_wrong,bbox_strict_error,,bbox_strict_error
MV_MAIN_035402,test_clean,high,reject_recommendation,applicant_mismatch,m2_correct_to_m3_wrong,bbox_strict_error,,bbox_strict_error
MV_MAIN_010410,test_clean,high,reject_recommendation,amount_mismatch,m2_correct_to_m3_wrong,audit_mismatch,,audit_mismatch
MV_MAIN_028463,test_clean,medium,manual_review,amount_mismatch,m2_wrong_to_m3_correct,bbox_strict_error,bbox_strict_error,
MV_MAIN_033400,test_clean,high,reject_recommendation,amount_mismatch,m2_correct_to_m3_wrong,audit_mismatch,,audit_mismatch
MV_MAIN_002421,test_clean,high,reject_recommendation,over_reimbursement,m2_correct_to_m3_wrong,audit_mismatch,,audit_mismatch
MV_MAIN_032333,test_clean,high,reject_recommendation,amount_mismatch,m2_correct_to_m3_wrong,audit_mismatch,,audit_mismatch
MV_MAIN_026704,test_clean,high,reject_recommendation,applicant_mismatch,m2_wrong_to_m3_correct,bbox_strict_error,bbox_strict_error,
MV_MAIN_001824,test_clean,high,missing_info,missing_document,m2_correct_to_m3_wrong,bbox_strict_error,,bbox_strict_error
MV_MAIN_032003,test_clean,high,reject_recommendation,applicant_mismatch,m2_correct_to_m3_wrong,bbox_strict_error,,bbox_strict_error
MV_MAIN_013241,test_clean,high,reject_recommendation,over_reimbursement,m2_correct_to_m3_wrong,audit_mismatch|bbox_strict_error,,audit_mismatch|bbox_strict_error
MV_MAIN_024404,test_clean,high,reject_recommendation,amount_mismatch,m2_correct_to_m3_wrong,audit_mismatch,,audit_mismatch
MV_MAIN_013351,test_clean,high,reject_recommendation,applicant_mismatch,m2_correct_to_m3_wrong,bbox_strict_error,,bbox_strict_error
MV_MAIN_019349,test_clean,high,reject_recommendation,over_reimbursement,m2_correct_to_m3_wrong,audit_mismatch,,audit_mismatch
MV_MAIN_028195,test_clean,high,reject_recommendation,over_reimbursement,m2_correct_to_m3_wrong,audit_mismatch,,audit_mismatch
MV_MAIN_001966,test_clean,high,reject_recommendation,order_id_mismatch,m2_wrong_to_m3_correct,high_risk_miss|audit_mismatch|unsupported_evidence|bbox_strict_error,high_risk_miss|audit_mismatch|unsupported_evidence|bbox_strict_error,
MV_MAIN_009269,test_clean,high,reject_recommendation,amount_mismatch,m2_correct_to_m3_wrong,audit_mismatch,,audit_mismatch
MV_MAIN_031147,test_clean,high,reject_recommendation,over_reimbursement,m2_correct_to_m3_wrong,audit_mismatch,,audit_mismatch
MV_MAIN_010320,test_clean,medium,manual_review,over_reimbursement,m2_correct_to_m3_wrong,bbox_strict_error,,bbox_strict_error
MV_MAIN_011382,test_clean,high,reject_recommendation,over_reimbursement,m2_correct_to_m3_wrong,audit_mismatch,,audit_mismatch
MV_MAIN_037600,test_clean,high,reject_recommendation,applicant_mismatch,m2_correct_to_m3_wrong,bbox_strict_error,,bbox_strict_error
MV_MAIN_028363,test_clean,high,reject_recommendation,order_id_mismatch,m2_correct_to_m3_wrong,high_risk_miss|audit_mismatch|unsupported_evidence|bbox_strict_error,,high_risk_miss|audit_mismatch|unsupported_evidence|bbox_strict_error
MV_MAIN_025113,test_clean,high,reject_recommendation,order_id_mismatch,m2_wrong_to_m3_correct,high_risk_miss|audit_mismatch|unsupported_evidence|bbox_strict_error,high_risk_miss|audit_mismatch|unsupported_evidence|bbox_strict_error,
MV_MAIN_007193,test_clean,high,reject_recommendation,applicant_mismatch,m2_correct_to_m3_wrong,bbox_strict_error,,bbox_strict_error
MV_MAIN_012091,test_clean,high,missing_info,missing_document,m2_correct_to_m3_wrong,bbox_strict_error,,bbox_strict_error
MV_MAIN_001602,test_clean,high,reject_recommendation,merchant_mismatch,m2_wrong_to_m3_correct,bbox_strict_error,bbox_strict_error,
MV_MAIN_019029,test_clean,high,reject_recommendation,over_reimbursement,m2_correct_to_m3_wrong,audit_mismatch,,audit_mismatch
MV_MAIN_016902,test_clean,high,reject_recommendation,order_id_mismatch,m2_wrong_to_m3_correct,high_risk_miss|audit_mismatch|unsupported_evidence|bbox_strict_error,high_risk_miss|audit_mismatch|unsupported_evidence|bbox_strict_error,
MV_MAIN_017387,test_clean,high,reject_recommendation,over_reimbursement,m2_correct_to_m3_wrong,audit_mismatch,,audit_mismatch
MV_MAIN_017570,test_clean,high,reject_recommendation,over_reimbursement,m2_correct_to_m3_wrong,audit_mismatch,,audit_mismatch
MV_MAIN_005810,test_clean,high,manual_review,unreadable_image,m2_correct_to_m3_wrong,bbox_strict_error,,bbox_strict_error
MV_MAIN_004388,test_clean,high,reject_recommendation,over_reimbursement,m2_correct_to_m3_wrong,audit_mismatch,,audit_mismatch
MV_MAIN_006547,test_clean,high,reject_recommendation,amount_mismatch,m2_correct_to_m3_wrong,audit_mismatch,,audit_mismatch
MV_MAIN_026984,test_clean,high,reject_recommendation,applicant_mismatch,m2_wrong_to_m3_correct,bbox_strict_error,bbox_strict_error,
MV_MAIN_010446,test_clean,low,pass,none,m2_correct_to_m3_wrong,bbox_strict_error,,bbox_strict_error
MV_MAIN_011409,test_clean,high,reject_recommendation,over_reimbursement,m2_correct_to_m3_wrong,bbox_strict_error,,bbox_strict_error
MV_MAIN_013522,test_clean,high,reject_recommendation,order_id_mismatch,m2_correct_to_m3_wrong,high_risk_miss|audit_mismatch|unsupported_evidence|bbox_strict_error,,high_risk_miss|audit_mismatch|unsupported_evidence|bbox_strict_error
MV_MAIN_036581,test_clean,high,reject_recommendation,amount_mismatch,m2_correct_to_m3_wrong,audit_mismatch,,audit_mismatch
MV_MAIN_020022,test_clean,high,reject_recommendation,amount_mismatch,m2_correct_to_m3_wrong,audit_mismatch|bbox_strict_error,,audit_mismatch|bbox_strict_error
MV_MAIN_006004,test_clean,high,reject_recommendation,amount_mismatch,m2_correct_to_m3_wrong,audit_mismatch,,audit_mismatch
MV_MAIN_032205,test_clean,high,reject_recommendation,over_reimbursement,m2_correct_to_m3_wrong,audit_mismatch,,audit_mismatch
MV_MAIN_039589,test_clean,medium,manual_review,unreadable_image,m2_correct_to_m3_wrong,bbox_strict_error,,bbox_strict_error
MV_MAIN_027099,test_clean,low,pass,none,m2_wrong_to_m3_correct,bbox_strict_error,bbox_strict_error,
MV_MAIN_004976,test_clean,high,reject_recommendation,applicant_mismatch,m2_correct_to_m3_wrong,bbox_strict_error,,bbox_strict_error
MV_MAIN_000466,test_clean,high,reject_recommendation,over_reimbursement,m2_correct_to_m3_wrong,audit_mismatch|hallucination|unsupported_evidence|bbox_strict_error,,audit_mismatch|hallucination|unsupported_evidence|bbox_strict_error
MV_MAIN_016463,test_clean,high,reject_recommendation,amount_mismatch,m2_correct_to_m3_wrong,audit_mismatch,,audit_mismatch
MV_MAIN_032986,test_clean,high,reject_recommendation,over_reimbursement,m2_correct_to_m3_wrong,audit_mismatch,,audit_mismatch
MV_MAIN_017969,test_clean,high,reject_recommendation,applicant_mismatch,m2_correct_to_m3_wrong,bbox_strict_error,,bbox_strict_error
MV_MAIN_036962,test_clean,high,reject_recommendation,amount_mismatch,m2_correct_to_m3_wrong,audit_mismatch,,audit_mismatch
MV_MAIN_022392,test_clean,high,reject_recommendation,applicant_mismatch,m2_correct_to_m3_wrong,bbox_strict_error,,bbox_strict_error
MV_MAIN_024613,test_clean,high,reject_recommendation,amount_mismatch,m2_correct_to_m3_wrong,audit_mismatch|bbox_strict_error,,audit_mismatch|bbox_strict_error
MV_MAIN_010579,test_clean,high,reject_recommendation,merchant_mismatch,m2_correct_to_m3_wrong,bbox_strict_error,,bbox_strict_error
MV_MAIN_018394,test_clean,high,reject_recommendation,order_id_mismatch,m2_correct_to_m3_wrong,high_risk_miss|audit_mismatch|unsupported_evidence|bbox_strict_error,,high_risk_miss|audit_mismatch|unsupported_evidence|bbox_strict_error
MV_MAIN_023314,test_clean,high,reject_recommendation,over_reimbursement,m2_correct_to_m3_wrong,audit_mismatch,,audit_mismatch
MV_MAIN_013880,test_clean,high,reject_recommendation,amount_mismatch,m2_correct_to_m3_wrong,audit_mismatch,,audit_mismatch
MV_MAIN_025708,test_clean,high,reject_recommendation,order_id_mismatch,m2_wrong_to_m3_correct,high_risk_miss|audit_mismatch|unsupported_evidence|bbox_strict_error,high_risk_miss|audit_mismatch|unsupported_evidence|bbox_strict_error,
MV_MAIN_036757,test_clean,high,reject_recommendation,amount_mismatch,m2_correct_to_m3_wrong,audit_mismatch,,audit_mismatch
MV_MAIN_024999,test_clean,high,reject_recommendation,merchant_mismatch,m2_correct_to_m3_wrong,bbox_strict_error,,bbox_strict_error
MV_MAIN_018819,test_clean,high,reject_recommendation,order_id_mismatch,m2_correct_to_m3_wrong,high_risk_miss|audit_mismatch|unsupported_evidence|bbox_strict_error,,high_risk_miss|audit_mismatch|unsupported_evidence|bbox_strict_error
MV_MAIN_035081,test_clean,high,reject_recommendation,over_reimbursement,m2_correct_to_m3_wrong,audit_mismatch|bbox_strict_error,,audit_mismatch|bbox_strict_error
MV_MAIN_017440,test_clean,high,reject_recommendation,applicant_mismatch,m2_correct_to_m3_wrong,bbox_strict_error,,bbox_strict_error
MV_MAIN_008158,test_clean,high,reject_recommendation,applicant_mismatch,m2_wrong_to_m3_correct,bbox_strict_error,bbox_strict_error,
MV_MAIN_037926,test_clean,high,reject_recommendation,applicant_mismatch,m2_correct_to_m3_wrong,bbox_strict_error,,bbox_strict_error
MV_MAIN_022944,test_robust,high,reject_recommendation,over_reimbursement,m2_correct_to_m3_wrong,audit_mismatch,,audit_mismatch
MV_MAIN_008705,test_robust,high,reject_recommendation,amount_mismatch,m2_correct_to_m3_wrong,audit_mismatch,,audit_mismatch
MV_MAIN_034972,test_robust,high,reject_recommendation,merchant_mismatch,m2_correct_to_m3_wrong,bbox_strict_error,,bbox_strict_error
MV_MAIN_028682,test_robust,high,reject_recommendation,amount_mismatch,m2_correct_to_m3_wrong,audit_mismatch|bbox_strict_error,,audit_mismatch|bbox_strict_error
MV_MAIN_039334,test_robust,high,reject_recommendation,applicant_mismatch,m2_correct_to_m3_wrong,bbox_strict_error,,bbox_strict_error
MV_MAIN_018006,test_robust,high,manual_review,unreadable_image,m2_wrong_to_m3_correct,bbox_strict_error,bbox_strict_error,
MV_MAIN_025593,test_robust,high,reject_recommendation,over_reimbursement,m2_correct_to_m3_wrong,audit_mismatch,,audit_mismatch
MV_MAIN_017306,test_robust,high,missing_info,missing_document,m2_wrong_to_m3_correct,bbox_strict_error,bbox_strict_error,
MV_MAIN_007413,test_robust,high,reject_recommendation,amount_mismatch,m2_correct_to_m3_wrong,audit_mismatch,,audit_mismatch
MV_MAIN_009221,test_robust,high,reject_recommendation,merchant_mismatch,m2_wrong_to_m3_correct,bbox_strict_error,bbox_strict_error,
MV_MAIN_021335,test_robust,high,missing_info,missing_document,m2_correct_to_m3_wrong,bbox_strict_error,,bbox_strict_error
MV_MAIN_023362,test_robust,high,reject_recommendation,amount_mismatch,m2_correct_to_m3_wrong,audit_mismatch,,audit_mismatch
MV_MAIN_026782,test_robust,high,reject_recommendation,applicant_mismatch,m2_correct_to_m3_wrong,bbox_strict_error,,bbox_strict_error
MV_MAIN_012306,test_robust,high,reject_recommendation,applicant_mismatch,m2_wrong_to_m3_correct,bbox_strict_error,bbox_strict_error,
MV_MAIN_012612,test_robust,high,manual_review,unreadable_image,m2_wrong_to_m3_correct,bbox_strict_error,bbox_strict_error,
MV_MAIN_020459,test_robust,high,reject_recommendation,order_id_mismatch,m2_wrong_to_m3_correct,high_risk_miss|audit_mismatch|unsupported_evidence|bbox_strict_error,high_risk_miss|audit_mismatch|unsupported_evidence|bbox_strict_error,
MV_MAIN_006872,test_robust,high,reject_recommendation,over_reimbursement,m2_correct_to_m3_wrong,audit_mismatch,,audit_mismatch
MV_MAIN_016460,test_robust,high,manual_review,unreadable_image,m2_correct_to_m3_wrong,bbox_strict_error,,bbox_strict_error
MV_MAIN_017804,test_robust,high,reject_recommendation,over_reimbursement,m2_correct_to_m3_wrong,audit_mismatch,,audit_mismatch
MV_MAIN_009250,test_robust,high,reject_recommendation,over_reimbursement,m2_correct_to_m3_wrong,audit_mismatch,,audit_mismatch
MV_MAIN_038957,test_robust,high,reject_recommendation,order_id_mismatch,m2_correct_to_m3_wrong,high_risk_miss|audit_mismatch|unsupported_evidence|bbox_strict_error,,high_risk_miss|audit_mismatch|unsupported_evidence|bbox_strict_error
MV_MAIN_002366,test_robust,high,reject_recommendation,over_reimbursement,m2_correct_to_m3_wrong,audit_mismatch,,audit_mismatch
MV_MAIN_039606,test_robust,high,reject_recommendation,over_reimbursement,m2_correct_to_m3_wrong,audit_mismatch,,audit_mismatch
MV_MAIN_011032,test_robust,high,reject_recommendation,amount_mismatch,m2_correct_to_m3_wrong,audit_mismatch,,audit_mismatch
MV_MAIN_011258,test_robust,high,reject_recommendation,amount_mismatch,m2_correct_to_m3_wrong,audit_mismatch,,audit_mismatch
MV_MAIN_025575,test_robust,medium,manual_review,over_reimbursement,m2_correct_to_m3_wrong,bbox_strict_error,,bbox_strict_error
MV_MAIN_024497,test_robust,high,reject_recommendation,amount_mismatch,m2_correct_to_m3_wrong,audit_mismatch,,audit_mismatch
MV_MAIN_003822,test_robust,high,reject_recommendation,over_reimbursement,m2_correct_to_m3_wrong,audit_mismatch|bbox_strict_error,,audit_mismatch|bbox_strict_error
MV_MAIN_038406,test_robust,low,pass,none,m2_wrong_to_m3_correct,bbox_strict_error,bbox_strict_error,
MV_MAIN_024686,test_robust,high,manual_review,unreadable_image,m2_wrong_to_m3_correct,bbox_strict_error,bbox_strict_error,
MV_MAIN_028718,test_robust,high,reject_recommendation,amount_mismatch,m2_correct_to_m3_wrong,audit_mismatch,,audit_mismatch
MV_MAIN_035675,test_robust,high,reject_recommendation,over_reimbursement,m2_correct_to_m3_wrong,audit_mismatch,,audit_mismatch
MV_MAIN_005970,test_robust,high,reject_recommendation,order_id_mismatch,m2_correct_to_m3_wrong,audit_mismatch,,audit_mismatch
MV_MAIN_025969,test_robust,high,reject_recommendation,amount_mismatch,m2_correct_to_m3_wrong,audit_mismatch,,audit_mismatch
MV_MAIN_033553,test_robust,high,manual_review,unreadable_image,m2_wrong_to_m3_correct,bbox_strict_error,bbox_strict_error,
MV_MAIN_015074,test_robust,high,reject_recommendation,order_id_mismatch,m2_wrong_to_m3_correct,high_risk_miss|audit_mismatch|unsupported_evidence|bbox_strict_error,high_risk_miss|audit_mismatch|unsupported_evidence|bbox_strict_error,
MV_MAIN_005961,test_robust,high,reject_recommendation,amount_mismatch,m2_correct_to_m3_wrong,audit_mismatch,,audit_mismatch
MV_MAIN_017895,test_robust,high,reject_recommendation,applicant_mismatch,m2_wrong_to_m3_correct,bbox_strict_error,bbox_strict_error,
MV_MAIN_034629,test_robust,high,reject_recommendation,over_reimbursement,m2_correct_to_m3_wrong,audit_mismatch,,audit_mismatch
MV_MAIN_014348,test_robust,medium,missing_info,missing_document,m2_wrong_to_m3_correct,bbox_strict_error,bbox_strict_error,
MV_MAIN_027913,test_robust,high,reject_recommendation,merchant_mismatch,m2_wrong_to_m3_correct,hallucination|unsupported_evidence|bbox_strict_error,hallucination|unsupported_evidence|bbox_strict_error,
MV_MAIN_012596,test_robust,high,reject_recommendation,amount_mismatch,m2_correct_to_m3_wrong,audit_mismatch,,audit_mismatch
MV_MAIN_031398,test_robust,high,reject_recommendation,applicant_mismatch,m2_wrong_to_m3_correct,high_risk_miss|audit_mismatch|unsupported_evidence|bbox_strict_error,high_risk_miss|audit_mismatch|unsupported_evidence|bbox_strict_error,
MV_MAIN_026996,test_robust,high,reject_recommendation,order_id_mismatch,m2_wrong_to_m3_correct,high_risk_miss|audit_mismatch|unsupported_evidence|bbox_strict_error,high_risk_miss|audit_mismatch|unsupported_evidence|bbox_strict_error,
MV_MAIN_000859,test_robust,high,reject_recommendation,over_reimbursement,m2_correct_to_m3_wrong,audit_mismatch,,audit_mismatch
MV_MAIN_031309,test_robust,high,reject_recommendation,amount_mismatch,m2_correct_to_m3_wrong,audit_mismatch,,audit_mismatch
MV_MAIN_028157,test_robust,high,reject_recommendation,amount_mismatch,m2_correct_to_m3_wrong,audit_mismatch,,audit_mismatch
MV_MAIN_013636,test_robust,high,missing_info,missing_document,m2_correct_to_m3_wrong,bbox_strict_error,,bbox_strict_error
MV_MAIN_010849,test_robust,high,reject_recommendation,amount_mismatch,m2_correct_to_m3_wrong,audit_mismatch,,audit_mismatch
MV_MAIN_018273,test_robust,high,reject_recommendation,amount_mismatch,m2_correct_to_m3_wrong,audit_mismatch|bbox_strict_error,,audit_mismatch|bbox_strict_error
MV_MAIN_011566,test_robust,high,reject_recommendation,order_id_mismatch,m2_correct_to_m3_wrong,high_risk_miss|audit_mismatch|unsupported_evidence|bbox_strict_error,,high_risk_miss|audit_mismatch|unsupported_evidence|bbox_strict_error
MV_MAIN_039378,test_robust,medium,missing_info,missing_document,m2_wrong_to_m3_correct,bbox_strict_error,bbox_strict_error,
MV_MAIN_020217,test_robust,high,reject_recommendation,order_id_mismatch,m2_correct_to_m3_wrong,high_risk_miss|audit_mismatch|unsupported_evidence|bbox_strict_error,,high_risk_miss|audit_mismatch|unsupported_evidence|bbox_strict_error
MV_MAIN_033471,test_robust,high,reject_recommendation,applicant_mismatch,m2_wrong_to_m3_correct,bbox_strict_error,bbox_strict_error,
MV_MAIN_038503,test_robust,high,reject_recommendation,over_reimbursement,m2_correct_to_m3_wrong,audit_mismatch,,audit_mismatch
MV_MAIN_002569,test_robust,high,reject_recommendation,amount_mismatch,m2_correct_to_m3_wrong,audit_mismatch,,audit_mismatch
MV_MAIN_019392,test_robust,medium,manual_review,over_reimbursement,m2_wrong_to_m3_correct,bbox_strict_error,bbox_strict_error,
MV_MAIN_011065,test_robust,high,reject_recommendation,over_reimbursement,m2_correct_to_m3_wrong,audit_mismatch,,audit_mismatch
MV_MAIN_026731,test_robust,medium,manual_review,amount_mismatch,m2_wrong_to_m3_correct,bbox_strict_error,bbox_strict_error,
MV_MAIN_024265,test_robust,high,reject_recommendation,amount_mismatch,m2_correct_to_m3_wrong,audit_mismatch,,audit_mismatch
MV_MAIN_006870,test_robust,high,reject_recommendation,merchant_mismatch,m2_wrong_to_m3_correct,bbox_strict_error,bbox_strict_error,
MV_MAIN_038966,test_robust,low,pass,none,m2_correct_to_m3_wrong,bbox_strict_error,,bbox_strict_error
MV_MAIN_025271,test_robust,medium,manual_review,amount_mismatch,m2_wrong_to_m3_correct,bbox_strict_error,bbox_strict_error,
MV_MAIN_016626,test_robust,high,reject_recommendation,over_reimbursement,m2_correct_to_m3_wrong,audit_mismatch,,audit_mismatch
MV_MAIN_020131,test_robust,high,reject_recommendation,amount_mismatch,m2_correct_to_m3_wrong,audit_mismatch,,audit_mismatch
MV_MAIN_031910,test_robust,medium,manual_review,unreadable_image,m2_correct_to_m3_wrong,bbox_strict_error,,bbox_strict_error
MV_MAIN_025428,test_robust,high,reject_recommendation,over_reimbursement,m2_correct_to_m3_wrong,audit_mismatch,,audit_mismatch
MV_MAIN_013422,test_robust,high,reject_recommendation,order_id_mismatch,m2_correct_to_m3_wrong,high_risk_miss|audit_mismatch|unsupported_evidence|bbox_strict_error,,high_risk_miss|audit_mismatch|unsupported_evidence|bbox_strict_error
MV_MAIN_002949,test_robust,high,reject_recommendation,over_reimbursement,m2_correct_to_m3_wrong,audit_mismatch,,audit_mismatch
MV_MAIN_002239,test_robust,high,reject_recommendation,amount_mismatch,m2_correct_to_m3_wrong,audit_mismatch,,audit_mismatch
MV_MAIN_001402,test_robust,high,reject_recommendation,applicant_mismatch,m2_wrong_to_m3_correct,bbox_strict_error,bbox_strict_error,
MV_MAIN_024468,test_robust,high,reject_recommendation,over_reimbursement,m2_correct_to_m3_wrong,audit_mismatch,,audit_mismatch
MV_MAIN_021910,test_robust,high,reject_recommendation,amount_mismatch,m2_correct_to_m3_wrong,audit_mismatch,,audit_mismatch
MV_MAIN_019148,test_robust,high,manual_review,unreadable_image,m2_wrong_to_m3_correct,bbox_strict_error,bbox_strict_error,
MV_MAIN_015169,test_robust,high,reject_recommendation,order_id_mismatch,m2_wrong_to_m3_correct,high_risk_miss|audit_mismatch|unsupported_evidence|bbox_strict_error,high_risk_miss|audit_mismatch|unsupported_evidence|bbox_strict_error,
MV_MAIN_031715,test_robust,low,pass,none,m2_correct_to_m3_wrong,bbox_strict_error,,bbox_strict_error
MV_MAIN_003209,test_robust,high,reject_recommendation,amount_mismatch,m2_correct_to_m3_wrong,audit_mismatch,,audit_mismatch
MV_MAIN_031041,test_robust,high,reject_recommendation,applicant_mismatch,m2_wrong_to_m3_correct,bbox_strict_error,bbox_strict_error,
MV_MAIN_004970,test_robust,high,reject_recommendation,amount_mismatch,m2_correct_to_m3_wrong,audit_mismatch,,audit_mismatch
MV_MAIN_036592,test_robust,high,reject_recommendation,amount_mismatch,m2_correct_to_m3_wrong,audit_mismatch,,audit_mismatch
MV_MAIN_008101,test_robust,high,reject_recommendation,order_id_mismatch,m2_wrong_to_m3_correct,high_risk_miss|audit_mismatch|unsupported_evidence|bbox_strict_error,high_risk_miss|audit_mismatch|unsupported_evidence|bbox_strict_error,
MV_MAIN_034649,test_robust,high,reject_recommendation,over_reimbursement,m2_correct_to_m3_wrong,audit_mismatch,,audit_mismatch
MV_MAIN_011551,test_robust,high,reject_recommendation,amount_mismatch,m2_correct_to_m3_wrong,audit_mismatch,,audit_mismatch
MV_MAIN_009799,test_robust,high,missing_info,missing_document,m2_wrong_to_m3_correct,bbox_strict_error,bbox_strict_error,
MV_MAIN_010726,test_robust,high,reject_recommendation,order_id_mismatch,m2_wrong_to_m3_correct,high_risk_miss|audit_mismatch|unsupported_evidence|bbox_strict_error,high_risk_miss|audit_mismatch|unsupported_evidence|bbox_strict_error,
MV_MAIN_006399,test_robust,high,reject_recommendation,merchant_mismatch,m2_wrong_to_m3_correct,hallucination|unsupported_evidence|bbox_strict_error,hallucination|unsupported_evidence|bbox_strict_error,
MV_MAIN_005197,test_robust,low,pass,none,m2_wrong_to_m3_correct,bbox_strict_error,bbox_strict_error,
MV_MAIN_040966,test_unseen_template,high,reject_recommendation,amount_mismatch,m2_correct_to_m3_wrong,audit_mismatch,,audit_mismatch
MV_MAIN_013151,test_unseen_template,high,reject_recommendation,merchant_mismatch,m2_correct_to_m3_wrong,bbox_strict_error,,bbox_strict_error
MV_MAIN_016044,test_unseen_template,high,reject_recommendation,amount_mismatch,m2_correct_to_m3_wrong,audit_mismatch,,audit_mismatch
MV_MAIN_003429,test_unseen_template,high,reject_recommendation,amount_mismatch,m2_correct_to_m3_wrong,audit_mismatch,,audit_mismatch
MV_MAIN_018718,test_unseen_template,high,missing_info,missing_document,m2_correct_to_m3_wrong,bbox_strict_error,,bbox_strict_error
MV_MAIN_003489,test_unseen_template,high,reject_recommendation,amount_mismatch,m2_correct_to_m3_wrong,audit_mismatch,,audit_mismatch
MV_MAIN_025600,test_unseen_template,high,missing_info,missing_document,m2_wrong_to_m3_correct,bbox_strict_error,bbox_strict_error,
MV_MAIN_013531,test_unseen_template,low,pass,none,m2_wrong_to_m3_correct,bbox_strict_error,bbox_strict_error,
MV_MAIN_011894,test_unseen_template,high,reject_recommendation,amount_mismatch,m2_correct_to_m3_wrong,audit_mismatch,,audit_mismatch
MV_MAIN_040926,test_unseen_template,low,pass,none,m2_correct_to_m3_wrong,bbox_strict_error,,bbox_strict_error
MV_MAIN_022645,test_unseen_template,high,reject_recommendation,over_reimbursement,m2_correct_to_m3_wrong,audit_mismatch,,audit_mismatch
MV_MAIN_017990,test_unseen_template,high,reject_recommendation,over_reimbursement,m2_wrong_to_m3_correct,bbox_strict_error,bbox_strict_error,
MV_MAIN_028924,test_unseen_template,high,reject_recommendation,order_id_mismatch,m2_correct_to_m3_wrong,bbox_strict_error,,bbox_strict_error
MV_MAIN_007331,test_unseen_template,high,reject_recommendation,amount_mismatch,m2_correct_to_m3_wrong,audit_mismatch,,audit_mismatch
MV_MAIN_031505,test_unseen_template,high,reject_recommendation,amount_mismatch,m2_correct_to_m3_wrong,audit_mismatch,,audit_mismatch
MV_MAIN_030800,test_unseen_template,high,reject_recommendation,order_id_mismatch,m2_correct_to_m3_wrong,high_risk_miss|audit_mismatch|unsupported_evidence|bbox_strict_error,,high_risk_miss|audit_mismatch|unsupported_evidence|bbox_strict_error
MV_MAIN_015166,test_unseen_template,medium,manual_review,amount_mismatch,m2_correct_to_m3_wrong,bbox_strict_error,,bbox_strict_error
MV_MAIN_024692,test_unseen_template,high,reject_recommendation,applicant_mismatch,m2_correct_to_m3_wrong,bbox_strict_error,,bbox_strict_error
MV_MAIN_006199,test_unseen_template,low,pass,none,m2_correct_to_m3_wrong,bbox_strict_error,,bbox_strict_error
MV_MAIN_028769,test_unseen_template,high,reject_recommendation,over_reimbursement,m2_correct_to_m3_wrong,audit_mismatch,,audit_mismatch
MV_MAIN_012295,test_unseen_template,high,reject_recommendation,order_id_mismatch,m2_wrong_to_m3_correct,bbox_strict_error,bbox_strict_error,
MV_MAIN_013366,test_unseen_template,high,reject_recommendation,merchant_mismatch,m2_wrong_to_m3_correct,bbox_strict_error,bbox_strict_error,
MV_MAIN_027513,test_unseen_template,high,reject_recommendation,merchant_mismatch,m2_correct_to_m3_wrong,hallucination|unsupported_evidence|bbox_strict_error,,hallucination|unsupported_evidence|bbox_strict_error
MV_MAIN_020671,test_unseen_template,high,reject_recommendation,over_reimbursement,m2_correct_to_m3_wrong,audit_mismatch|bbox_strict_error,,audit_mismatch|bbox_strict_error
MV_MAIN_032182,test_unseen_template,high,reject_recommendation,order_id_mismatch,m2_wrong_to_m3_correct,high_risk_miss|audit_mismatch|unsupported_evidence|bbox_strict_error,high_risk_miss|audit_mismatch|unsupported_evidence|bbox_strict_error,
MV_MAIN_033079,test_unseen_template,high,reject_recommendation,applicant_mismatch,m2_wrong_to_m3_correct,bbox_strict_error,bbox_strict_error,
MV_MAIN_022037,test_unseen_template,high,reject_recommendation,amount_mismatch,m2_correct_to_m3_wrong,audit_mismatch,,audit_mismatch
MV_MAIN_019012,test_unseen_template,high,reject_recommendation,merchant_mismatch,m2_correct_to_m3_wrong,bbox_strict_error,,bbox_strict_error
MV_MAIN_005642,test_unseen_template,high,reject_recommendation,amount_mismatch,m2_correct_to_m3_wrong,audit_mismatch,,audit_mismatch
MV_MAIN_000266,test_unseen_template,high,reject_recommendation,order_id_mismatch,m2_correct_to_m3_wrong,high_risk_miss|audit_mismatch|unsupported_evidence|bbox_strict_error,,high_risk_miss|audit_mismatch|unsupported_evidence|bbox_strict_error
MV_MAIN_040900,test_unseen_template,high,reject_recommendation,amount_mismatch,m2_correct_to_m3_wrong,audit_mismatch,,audit_mismatch
MV_MAIN_005106,test_unseen_template,medium,manual_review,over_reimbursement,m2_correct_to_m3_wrong,bbox_strict_error,,bbox_strict_error
MV_MAIN_034572,test_unseen_template,high,reject_recommendation,over_reimbursement,m2_correct_to_m3_wrong,audit_mismatch,,audit_mismatch
MV_MAIN_020547,test_unseen_template,high,reject_recommendation,amount_mismatch,m2_correct_to_m3_wrong,audit_mismatch,,audit_mismatch
MV_MAIN_005914,test_unseen_template,high,reject_recommendation,over_reimbursement,m2_correct_to_m3_wrong,audit_mismatch,,audit_mismatch
MV_MAIN_002410,test_unseen_template,high,manual_review,unreadable_image,m2_wrong_to_m3_correct,bbox_strict_error,bbox_strict_error,
MV_MAIN_040592,test_unseen_template,low,pass,none,m2_correct_to_m3_wrong,bbox_strict_error,,bbox_strict_error
MV_MAIN_034460,test_unseen_template,medium,manual_review,over_reimbursement,m2_correct_to_m3_wrong,bbox_strict_error,,bbox_strict_error
MV_MAIN_030901,test_unseen_template,high,reject_recommendation,amount_mismatch,m2_correct_to_m3_wrong,audit_mismatch,,audit_mismatch
MV_MAIN_023920,test_unseen_template,low,pass,none,m2_correct_to_m3_wrong,bbox_strict_error,,bbox_strict_error
MV_MAIN_018361,test_unseen_template,high,reject_recommendation,order_id_mismatch,m2_wrong_to_m3_correct,high_risk_miss|audit_mismatch|unsupported_evidence|bbox_strict_error,high_risk_miss|audit_mismatch|unsupported_evidence|bbox_strict_error,
MV_MAIN_021107,test_unseen_template,high,reject_recommendation,over_reimbursement,m2_correct_to_m3_wrong,audit_mismatch,,audit_mismatch
MV_MAIN_003878,test_unseen_template,high,reject_recommendation,order_id_mismatch,m2_wrong_to_m3_correct,high_risk_miss|audit_mismatch|unsupported_evidence|bbox_strict_error,high_risk_miss|audit_mismatch|unsupported_evidence|bbox_strict_error,
MV_MAIN_034026,test_unseen_template,high,reject_recommendation,amount_mismatch,m2_correct_to_m3_wrong,audit_mismatch,,audit_mismatch
MV_MAIN_010787,test_unseen_template,high,reject_recommendation,merchant_mismatch,m2_correct_to_m3_wrong,bbox_strict_error,,bbox_strict_error
MV_MAIN_001154,test_unseen_template,high,reject_recommendation,over_reimbursement,m2_correct_to_m3_wrong,audit_mismatch,,audit_mismatch
MV_MAIN_020245,test_unseen_template,high,reject_recommendation,over_reimbursement,m2_correct_to_m3_wrong,bbox_strict_error,,bbox_strict_error
MV_MAIN_024046,test_unseen_template,high,reject_recommendation,order_id_mismatch,m2_correct_to_m3_wrong,high_risk_miss|audit_mismatch|unsupported_evidence|bbox_strict_error,,high_risk_miss|audit_mismatch|unsupported_evidence|bbox_strict_error
MV_MAIN_011487,test_unseen_template,high,reject_recommendation,order_id_mismatch,m2_correct_to_m3_wrong,high_risk_miss|audit_mismatch|unsupported_evidence|bbox_strict_error,,high_risk_miss|audit_mismatch|unsupported_evidence|bbox_strict_error
MV_MAIN_012530,test_unseen_template,high,manual_review,unreadable_image,m2_correct_to_m3_wrong,bbox_strict_error,,bbox_strict_error
MV_MAIN_022335,test_unseen_template,high,reject_recommendation,over_reimbursement,m2_correct_to_m3_wrong,audit_mismatch|bbox_strict_error,,audit_mismatch|bbox_strict_error
MV_MAIN_026864,test_unseen_template,medium,manual_review,amount_mismatch,m2_correct_to_m3_wrong,bbox_strict_error,,bbox_strict_error
MV_MAIN_031134,test_unseen_template,high,reject_recommendation,order_id_mismatch,m2_wrong_to_m3_correct,high_risk_miss|audit_mismatch|unsupported_evidence|bbox_strict_error,high_risk_miss|audit_mismatch|unsupported_evidence|bbox_strict_error,
MV_MAIN_026010,test_unseen_template,high,reject_recommendation,order_id_mismatch,m2_correct_to_m3_wrong,high_risk_miss|audit_mismatch|unsupported_evidence|bbox_strict_error,,high_risk_miss|audit_mismatch|unsupported_evidence|bbox_strict_error
MV_MAIN_039351,test_unseen_template,high,reject_recommendation,over_reimbursement,m2_correct_to_m3_wrong,audit_mismatch,,audit_mismatch
MV_MAIN_002993,test_unseen_template,high,reject_recommendation,order_id_mismatch,m2_wrong_to_m3_correct,high_risk_miss|audit_mismatch|unsupported_evidence|bbox_strict_error,high_risk_miss|audit_mismatch|unsupported_evidence|bbox_strict_error,
MV_MAIN_025413,test_unseen_template,high,reject_recommendation,amount_mismatch,m2_correct_to_m3_wrong,audit_mismatch|bbox_strict_error,,audit_mismatch|bbox_strict_error
MV_MAIN_040222,test_unseen_template,high,reject_recommendation,merchant_mismatch,m2_correct_to_m3_wrong,bbox_strict_error,,bbox_strict_error
MV_MAIN_014855,test_unseen_template,high,reject_recommendation,over_reimbursement,m2_correct_to_m3_wrong,audit_mismatch,,audit_mismatch
MV_MAIN_027344,test_unseen_template,high,reject_recommendation,over_reimbursement,m2_correct_to_m3_wrong,audit_mismatch,,audit_mismatch
MV_MAIN_025058,test_unseen_template,high,reject_recommendation,over_reimbursement,m2_correct_to_m3_wrong,audit_mismatch,,audit_mismatch
MV_MAIN_029159,test_unseen_template,high,reject_recommendation,over_reimbursement,m2_correct_to_m3_wrong,audit_mismatch,,audit_mismatch
MV_MAIN_032105,test_unseen_template,high,missing_info,missing_document,m2_correct_to_m3_wrong,bbox_strict_error,,bbox_strict_error
MV_MAIN_026105,test_unseen_template,high,reject_recommendation,over_reimbursement,m2_correct_to_m3_wrong,audit_mismatch,,audit_mismatch
MV_MAIN_006978,test_unseen_template,high,reject_recommendation,over_reimbursement,m2_correct_to_m3_wrong,audit_mismatch,,audit_mismatch
MV_MAIN_034974,test_unseen_template,high,reject_recommendation,merchant_mismatch,m2_wrong_to_m3_correct,bbox_strict_error,bbox_strict_error,
MV_MAIN_018707,test_unseen_template,high,reject_recommendation,amount_mismatch,m2_correct_to_m3_wrong,audit_mismatch|bbox_strict_error,,audit_mismatch|bbox_strict_error
MV_MAIN_010230,test_unseen_template,high,reject_recommendation,order_id_mismatch,m2_wrong_to_m3_correct,high_risk_miss|audit_mismatch|unsupported_evidence|bbox_strict_error,high_risk_miss|audit_mismatch|unsupported_evidence|bbox_strict_error,
MV_MAIN_015764,test_unseen_template,high,reject_recommendation,order_id_mismatch,m2_wrong_to_m3_correct,high_risk_miss|audit_mismatch|unsupported_evidence|bbox_strict_error,high_risk_miss|audit_mismatch|unsupported_evidence|bbox_strict_error,
MV_MAIN_027453,test_unseen_template,high,reject_recommendation,duplicate_in_batch,m2_correct_to_m3_wrong,audit_mismatch,,audit_mismatch
MV_MAIN_017891,test_unseen_template,high,reject_recommendation,over_reimbursement,m2_correct_to_m3_wrong,audit_mismatch,,audit_mismatch
MV_MAIN_025369,test_unseen_template,medium,manual_review,over_reimbursement,m2_wrong_to_m3_correct,bbox_strict_error,bbox_strict_error,
MV_MAIN_031766,test_unseen_template,low,pass,none,m2_wrong_to_m3_correct,bbox_strict_error,bbox_strict_error,
MV_MAIN_000121,test_unseen_template,high,reject_recommendation,order_id_mismatch,m2_correct_to_m3_wrong,high_risk_miss|audit_mismatch|unsupported_evidence|bbox_strict_error,,high_risk_miss|audit_mismatch|unsupported_evidence|bbox_strict_error
MV_MAIN_018851,test_unseen_template,high,reject_recommendation,order_id_mismatch,m2_correct_to_m3_wrong,high_risk_miss|audit_mismatch|unsupported_evidence|bbox_strict_error,,high_risk_miss|audit_mismatch|unsupported_evidence|bbox_strict_error
MV_MAIN_029243,test_unseen_template,high,reject_recommendation,order_id_mismatch,m2_wrong_to_m3_correct,high_risk_miss|audit_mismatch|unsupported_evidence|bbox_strict_error,high_risk_miss|audit_mismatch|unsupported_evidence|bbox_strict_error,
MV_MAIN_002316,test_unseen_template,high,reject_recommendation,applicant_mismatch,m2_wrong_to_m3_correct,bbox_strict_error,bbox_strict_error,
MV_MAIN_006262,test_unseen_template,high,reject_recommendation,amount_mismatch,m2_correct_to_m3_wrong,audit_mismatch,,audit_mismatch
MV_MAIN_037994,test_unseen_template,high,reject_recommendation,amount_mismatch,m2_correct_to_m3_wrong,audit_mismatch,,audit_mismatch
MV_MAIN_017406,test_unseen_template,high,missing_info,missing_document,m2_correct_to_m3_wrong,bbox_strict_error,,bbox_strict_error
MV_MAIN_002977,test_unseen_template,high,reject_recommendation,order_id_mismatch,m2_correct_to_m3_wrong,high_risk_miss|audit_mismatch|unsupported_evidence|bbox_strict_error,,high_risk_miss|audit_mismatch|unsupported_evidence|bbox_strict_error
MV_MAIN_011601,test_unseen_template,high,reject_recommendation,order_id_mismatch,m2_correct_to_m3_wrong,high_risk_miss|audit_mismatch|unsupported_evidence|bbox_strict_error,,high_risk_miss|audit_mismatch|unsupported_evidence|bbox_strict_error
MV_MAIN_028177,test_unseen_template,high,reject_recommendation,amount_mismatch,m2_correct_to_m3_wrong,audit_mismatch|bbox_strict_error,,audit_mismatch|bbox_strict_error
MV_MAIN_009155,test_unseen_template,high,reject_recommendation,over_reimbursement,m2_correct_to_m3_wrong,audit_mismatch,,audit_mismatch
MV_MAIN_017585,test_unseen_template,high,reject_recommendation,over_reimbursement,m2_correct_to_m3_wrong,audit_mismatch,,audit_mismatch
MV_MAIN_030322,test_unseen_template,high,reject_recommendation,amount_mismatch,m2_correct_to_m3_wrong,audit_mismatch,,audit_mismatch
MV_MAIN_004305,test_unseen_template,high,reject_recommendation,order_id_mismatch,m2_wrong_to_m3_correct,bbox_strict_error,bbox_strict_error,
MV_MAIN_009637,test_unseen_template,high,reject_recommendation,applicant_mismatch,m2_correct_to_m3_wrong,bbox_strict_error,,bbox_strict_error
MV_MAIN_039477,test_unseen_template,high,reject_recommendation,amount_mismatch,m2_correct_to_m3_wrong,audit_mismatch,,audit_mismatch
MV_MAIN_016096,test_unseen_template,high,reject_recommendation,amount_mismatch,m2_correct_to_m3_wrong,audit_mismatch,,audit_mismatch
MV_MAIN_007815,test_unseen_template,high,reject_recommendation,over_reimbursement,m2_correct_to_m3_wrong,audit_mismatch,,audit_mismatch
MV_MAIN_008715,test_unseen_template,high,reject_recommendation,amount_mismatch,m2_correct_to_m3_wrong,audit_mismatch,,audit_mismatch
MV_MAIN_008664,test_unseen_template,high,reject_recommendation,over_reimbursement,m2_correct_to_m3_wrong,audit_mismatch,,audit_mismatch
MV_MAIN_011314,test_unseen_template,high,reject_recommendation,amount_mismatch,m2_correct_to_m3_wrong,audit_mismatch,,audit_mismatch
MV_MAIN_016406,test_unseen_template,high,reject_recommendation,merchant_mismatch,m2_correct_to_m3_wrong,hallucination|unsupported_evidence|bbox_strict_error,,hallucination|unsupported_evidence|bbox_strict_error
MV_MAIN_010454,test_unseen_template,high,reject_recommendation,over_reimbursement,m2_correct_to_m3_wrong,audit_mismatch,,audit_mismatch
MV_MAIN_012292,test_unseen_template,low,pass,none,m2_wrong_to_m3_correct,bbox_strict_error,bbox_strict_error,
MV_MAIN_005405,test_hard_negative,high,reject_recommendation,order_id_mismatch,m2_wrong_to_m3_correct,bbox_strict_error,bbox_strict_error,
MV_MAIN_011127,test_hard_negative,high,reject_recommendation,amount_mismatch,m2_correct_to_m3_wrong,audit_mismatch,,audit_mismatch
MV_MAIN_030547,test_hard_negative,high,reject_recommendation,amount_mismatch,m2_correct_to_m3_wrong,audit_mismatch,,audit_mismatch
MV_MAIN_007189,test_hard_negative,high,reject_recommendation,applicant_mismatch,m2_correct_to_m3_wrong,bbox_strict_error,,bbox_strict_error
MV_MAIN_028917,test_hard_negative,high,reject_recommendation,amount_mismatch,m2_correct_to_m3_wrong,audit_mismatch,,audit_mismatch
MV_MAIN_013953,test_hard_negative,high,reject_recommendation,amount_mismatch,m2_correct_to_m3_wrong,audit_mismatch,,audit_mismatch
MV_MAIN_031535,test_hard_negative,high,reject_recommendation,amount_mismatch,m2_correct_to_m3_wrong,audit_mismatch,,audit_mismatch
MV_MAIN_012044,test_hard_negative,high,reject_recommendation,merchant_mismatch,m2_correct_to_m3_wrong,bbox_strict_error,,bbox_strict_error
MV_MAIN_026493,test_hard_negative,high,reject_recommendation,amount_mismatch,m2_correct_to_m3_wrong,audit_mismatch,,audit_mismatch
MV_MAIN_024973,test_hard_negative,high,reject_recommendation,order_id_mismatch,m2_wrong_to_m3_correct,high_risk_miss|audit_mismatch|unsupported_evidence|bbox_strict_error,high_risk_miss|audit_mismatch|unsupported_evidence|bbox_strict_error,
MV_MAIN_039664,test_hard_negative,high,reject_recommendation,merchant_mismatch,m2_wrong_to_m3_correct,bbox_strict_error,bbox_strict_error,
MV_MAIN_012871,test_hard_negative,high,reject_recommendation,order_id_mismatch,m2_correct_to_m3_wrong,bbox_strict_error,,bbox_strict_error
MV_MAIN_029163,test_hard_negative,high,reject_recommendation,amount_mismatch,m2_correct_to_m3_wrong,audit_mismatch,,audit_mismatch
MV_MAIN_023062,test_hard_negative,high,reject_recommendation,amount_mismatch,m2_correct_to_m3_wrong,audit_mismatch,,audit_mismatch
MV_MAIN_029740,test_hard_negative,high,reject_recommendation,applicant_mismatch,m2_correct_to_m3_wrong,bbox_strict_error,,bbox_strict_error
MV_MAIN_017926,test_hard_negative,high,reject_recommendation,amount_mismatch,m2_correct_to_m3_wrong,audit_mismatch,,audit_mismatch
MV_MAIN_036798,test_hard_negative,high,reject_recommendation,order_id_mismatch,m2_wrong_to_m3_correct,high_risk_miss|audit_mismatch|unsupported_evidence|bbox_strict_error,high_risk_miss|audit_mismatch|unsupported_evidence|bbox_strict_error,
MV_MAIN_030804,test_hard_negative,high,reject_recommendation,applicant_mismatch,m2_wrong_to_m3_correct,bbox_strict_error,bbox_strict_error,
MV_MAIN_002138,test_hard_negative,medium,manual_review,amount_mismatch,m2_wrong_to_m3_correct,bbox_strict_error,bbox_strict_error,
MV_MAIN_010231,test_hard_negative,high,reject_recommendation,amount_mismatch,m2_correct_to_m3_wrong,audit_mismatch|bbox_strict_error,,audit_mismatch|bbox_strict_error
MV_MAIN_015647,test_hard_negative,high,reject_recommendation,merchant_mismatch,m2_wrong_to_m3_correct,bbox_strict_error,bbox_strict_error,
MV_MAIN_021501,test_hard_negative,high,reject_recommendation,order_id_mismatch,m2_wrong_to_m3_correct,high_risk_miss|audit_mismatch|unsupported_evidence|bbox_strict_error,high_risk_miss|audit_mismatch|unsupported_evidence|bbox_strict_error,
MV_MAIN_027833,test_hard_negative,high,reject_recommendation,amount_mismatch,m2_correct_to_m3_wrong,audit_mismatch,,audit_mismatch
MV_MAIN_017449,test_hard_negative,high,reject_recommendation,amount_mismatch,m2_correct_to_m3_wrong,audit_mismatch,,audit_mismatch
MV_MAIN_022202,test_hard_negative,high,reject_recommendation,merchant_mismatch,m2_wrong_to_m3_correct,bbox_strict_error,bbox_strict_error,
MV_MAIN_029357,test_hard_negative,high,reject_recommendation,amount_mismatch,m2_correct_to_m3_wrong,audit_mismatch,,audit_mismatch
MV_MAIN_026747,test_hard_negative,high,reject_recommendation,amount_mismatch,m2_correct_to_m3_wrong,audit_mismatch,,audit_mismatch
MV_MAIN_002240,test_hard_negative,high,reject_recommendation,merchant_mismatch,m2_correct_to_m3_wrong,hallucination|unsupported_evidence|bbox_strict_error,,hallucination|unsupported_evidence|bbox_strict_error
MV_MAIN_033014,test_hard_negative,high,reject_recommendation,amount_mismatch,m2_correct_to_m3_wrong,audit_mismatch,,audit_mismatch
MV_MAIN_015298,test_hard_negative,high,reject_recommendation,order_id_mismatch,m2_correct_to_m3_wrong,high_risk_miss|audit_mismatch|unsupported_evidence|bbox_strict_error,,high_risk_miss|audit_mismatch|unsupported_evidence|bbox_strict_error
MV_MAIN_019756,test_hard_negative,high,reject_recommendation,merchant_mismatch,m2_wrong_to_m3_correct,hallucination|unsupported_evidence|bbox_strict_error,hallucination|unsupported_evidence|bbox_strict_error,
MV_MAIN_005539,test_hard_negative,high,reject_recommendation,order_id_mismatch,m2_wrong_to_m3_correct,high_risk_miss|audit_mismatch|unsupported_evidence|bbox_strict_error,high_risk_miss|audit_mismatch|unsupported_evidence|bbox_strict_error,
MV_MAIN_005650,test_hard_negative,high,reject_recommendation,order_id_mismatch,m2_wrong_to_m3_correct,high_risk_miss|audit_mismatch|unsupported_evidence|bbox_strict_error,high_risk_miss|audit_mismatch|unsupported_evidence|bbox_strict_error,
MV_MAIN_019256,test_hard_negative,high,reject_recommendation,amount_mismatch,m2_correct_to_m3_wrong,audit_mismatch,,audit_mismatch
MV_MAIN_014319,test_hard_negative,high,reject_recommendation,order_id_mismatch,m2_correct_to_m3_wrong,high_risk_miss|audit_mismatch|unsupported_evidence|bbox_strict_error,,high_risk_miss|audit_mismatch|unsupported_evidence|bbox_strict_error
MV_MAIN_002771,test_hard_negative,high,reject_recommendation,amount_mismatch,m2_correct_to_m3_wrong,audit_mismatch,,audit_mismatch
MV_MAIN_003470,test_hard_negative,high,reject_recommendation,merchant_mismatch,m2_correct_to_m3_wrong,hallucination|unsupported_evidence|bbox_strict_error,,hallucination|unsupported_evidence|bbox_strict_error
MV_MAIN_034226,test_hard_negative,high,reject_recommendation,applicant_mismatch,m2_correct_to_m3_wrong,bbox_strict_error,,bbox_strict_error
MV_MAIN_015791,test_hard_negative,high,reject_recommendation,amount_mismatch,m2_correct_to_m3_wrong,audit_mismatch,,audit_mismatch
MV_MAIN_033341,test_hard_negative,high,reject_recommendation,applicant_mismatch,m2_wrong_to_m3_correct,bbox_strict_error,bbox_strict_error,
MV_MAIN_026822,test_hard_negative,high,reject_recommendation,applicant_mismatch,m2_wrong_to_m3_correct,bbox_strict_error,bbox_strict_error,
MV_MAIN_020587,test_hard_negative,high,reject_recommendation,merchant_mismatch,m2_correct_to_m3_wrong,bbox_strict_error,,bbox_strict_error
MV_MAIN_039122,test_hard_negative,high,reject_recommendation,amount_mismatch,m2_correct_to_m3_wrong,audit_mismatch,,audit_mismatch
MV_MAIN_037867,test_hard_negative,high,reject_recommendation,applicant_mismatch,m2_wrong_to_m3_correct,bbox_strict_error,bbox_strict_error,
MV_MAIN_005572,test_hard_negative,high,reject_recommendation,amount_mismatch,m2_correct_to_m3_wrong,audit_mismatch,,audit_mismatch
MV_MAIN_027421,test_hard_negative,high,reject_recommendation,amount_mismatch,m2_correct_to_m3_wrong,audit_mismatch,,audit_mismatch
MV_MAIN_039385,test_hard_negative,high,reject_recommendation,order_id_mismatch,m2_correct_to_m3_wrong,bbox_strict_error,,bbox_strict_error
MV_MAIN_032534,test_hard_negative,high,reject_recommendation,order_id_mismatch,m2_correct_to_m3_wrong,high_risk_miss|audit_mismatch|unsupported_evidence|bbox_strict_error,,high_risk_miss|audit_mismatch|unsupported_evidence|bbox_strict_error
MV_MAIN_002764,test_hard_negative,high,reject_recommendation,order_id_mismatch,m2_wrong_to_m3_correct,high_risk_miss|audit_mismatch|unsupported_evidence|bbox_strict_error,high_risk_miss|audit_mismatch|unsupported_evidence|bbox_strict_error,
MV_MAIN_009453,test_hard_negative,high,reject_recommendation,applicant_mismatch,m2_wrong_to_m3_correct,bbox_strict_error,bbox_strict_error,
MV_MAIN_030762,test_hard_negative,high,reject_recommendation,amount_mismatch,m2_correct_to_m3_wrong,audit_mismatch,,audit_mismatch
MV_MAIN_019729,test_hard_negative,high,reject_recommendation,applicant_mismatch,m2_wrong_to_m3_correct,bbox_strict_error,bbox_strict_error,
MV_MAIN_007068,test_hard_negative,high,reject_recommendation,amount_mismatch,m2_correct_to_m3_wrong,audit_mismatch,,audit_mismatch
MV_MAIN_032673,test_hard_negative,high,reject_recommendation,order_id_mismatch,m2_wrong_to_m3_correct,high_risk_miss|audit_mismatch|unsupported_evidence|bbox_strict_error,high_risk_miss|audit_mismatch|unsupported_evidence|bbox_strict_error,
MV_MAIN_021378,test_hard_negative,high,reject_recommendation,amount_mismatch,m2_correct_to_m3_wrong,audit_mismatch,,audit_mismatch
MV_MAIN_025906,test_hard_negative,high,reject_recommendation,amount_mismatch,m2_correct_to_m3_wrong,audit_mismatch|bbox_strict_error,,audit_mismatch|bbox_strict_error
MV_MAIN_011279,test_hard_negative,high,reject_recommendation,amount_mismatch,m2_correct_to_m3_wrong,audit_mismatch,,audit_mismatch
MV_MAIN_030873,test_hard_negative,high,reject_recommendation,applicant_mismatch,m2_wrong_to_m3_correct,bbox_strict_error,bbox_strict_error,
MV_MAIN_006636,test_hard_negative,high,reject_recommendation,applicant_mismatch,m2_wrong_to_m3_correct,bbox_strict_error,bbox_strict_error,
MV_MAIN_036383,test_hard_negative,high,reject_recommendation,amount_mismatch,m2_correct_to_m3_wrong,audit_mismatch,,audit_mismatch
MV_MAIN_036595,test_hard_negative,high,reject_recommendation,applicant_mismatch,m2_wrong_to_m3_correct,bbox_strict_error,bbox_strict_error,
MV_MAIN_011192,test_hard_negative,high,reject_recommendation,order_id_mismatch,m2_wrong_to_m3_correct,bbox_strict_error,bbox_strict_error,
MV_MAIN_035633,test_hard_negative,high,reject_recommendation,applicant_mismatch,m2_correct_to_m3_wrong,bbox_strict_error,,bbox_strict_error
MV_MAIN_037217,test_hard_negative,high,reject_recommendation,amount_mismatch,m2_correct_to_m3_wrong,audit_mismatch,,audit_mismatch
MV_MAIN_000956,test_hard_negative,high,reject_recommendation,applicant_mismatch,m2_correct_to_m3_wrong,bbox_strict_error,,bbox_strict_error
MV_MAIN_039983,test_hard_negative,high,reject_recommendation,order_id_mismatch,m2_correct_to_m3_wrong,high_risk_miss|audit_mismatch|unsupported_evidence|bbox_strict_error,,high_risk_miss|audit_mismatch|unsupported_evidence|bbox_strict_error
MV_MAIN_007072,test_hard_negative,high,reject_recommendation,amount_mismatch,m2_correct_to_m3_wrong,audit_mismatch|bbox_strict_error,,audit_mismatch|bbox_strict_error
MV_MAIN_005625,test_hard_negative,high,reject_recommendation,order_id_mismatch,m2_correct_to_m3_wrong,high_risk_miss|audit_mismatch|unsupported_evidence|bbox_strict_error,,high_risk_miss|audit_mismatch|unsupported_evidence|bbox_strict_error
MV_MAIN_014989,test_hard_negative,high,reject_recommendation,amount_mismatch,m2_correct_to_m3_wrong,audit_mismatch,,audit_mismatch
MV_MAIN_017737,test_hard_negative,high,reject_recommendation,amount_mismatch,m2_correct_to_m3_wrong,audit_mismatch,,audit_mismatch
MV_MAIN_016074,test_hard_negative,high,reject_recommendation,applicant_mismatch,m2_wrong_to_m3_correct,high_risk_miss|audit_mismatch|unsupported_evidence|bbox_strict_error,high_risk_miss|audit_mismatch|unsupported_evidence|bbox_strict_error,
MV_MAIN_006858,test_hard_negative,high,reject_recommendation,amount_mismatch,m2_correct_to_m3_wrong,audit_mismatch,,audit_mismatch
MV_MAIN_004715,test_hard_negative,high,reject_recommendation,order_id_mismatch,m2_correct_to_m3_wrong,high_risk_miss|audit_mismatch|unsupported_evidence|bbox_strict_error,,high_risk_miss|audit_mismatch|unsupported_evidence|bbox_strict_error
MV_MAIN_012487,test_hard_negative,high,reject_recommendation,amount_mismatch,m2_correct_to_m3_wrong,audit_mismatch,,audit_mismatch
MV_MAIN_000557,test_hard_negative,high,reject_recommendation,amount_mismatch,m2_correct_to_m3_wrong,audit_mismatch,,audit_mismatch
MV_MAIN_015440,test_hard_negative,high,reject_recommendation,amount_mismatch,m2_correct_to_m3_wrong,audit_mismatch,,audit_mismatch
MV_MAIN_033102,test_hard_negative,high,reject_recommendation,order_id_mismatch,m2_correct_to_m3_wrong,high_risk_miss|audit_mismatch|unsupported_evidence|bbox_strict_error,,high_risk_miss|audit_mismatch|unsupported_evidence|bbox_strict_error
MV_MAIN_017423,test_hard_negative,high,reject_recommendation,applicant_mismatch,m2_wrong_to_m3_correct,bbox_strict_error,bbox_strict_error,
MV_MAIN_012891,test_hard_negative,high,reject_recommendation,merchant_mismatch,m2_correct_to_m3_wrong,bbox_strict_error,,bbox_strict_error
MV_MAIN_024752,test_hard_negative,high,reject_recommendation,amount_mismatch,m2_correct_to_m3_wrong,audit_mismatch,,audit_mismatch
MV_MAIN_017015,test_hard_negative,high,reject_recommendation,order_id_mismatch,m2_correct_to_m3_wrong,audit_mismatch,,audit_mismatch
MV_MAIN_022095,test_hard_negative,high,reject_recommendation,merchant_mismatch,m2_correct_to_m3_wrong,bbox_strict_error,,bbox_strict_error
MV_MAIN_017591,test_hard_negative,high,reject_recommendation,order_id_mismatch,m2_wrong_to_m3_correct,high_risk_miss|audit_mismatch|unsupported_evidence|bbox_strict_error,high_risk_miss|audit_mismatch|unsupported_evidence|bbox_strict_error,
MV_MAIN_022480,test_hard_negative,high,reject_recommendation,amount_mismatch,m2_correct_to_m3_wrong,audit_mismatch,,audit_mismatch
MV_MAIN_003724,test_hard_negative,high,reject_recommendation,amount_mismatch,m2_correct_to_m3_wrong,audit_mismatch,,audit_mismatch
MV_MAIN_015488,test_hard_negative,high,reject_recommendation,merchant_mismatch,m2_correct_to_m3_wrong,bbox_strict_error,,bbox_strict_error
MV_MAIN_021119,test_hard_negative,high,reject_recommendation,amount_mismatch,m2_correct_to_m3_wrong,audit_mismatch,,audit_mismatch
MV_MAIN_009313,test_hard_negative,high,reject_recommendation,order_id_mismatch,m2_correct_to_m3_wrong,high_risk_miss|audit_mismatch|unsupported_evidence|bbox_strict_error,,high_risk_miss|audit_mismatch|unsupported_evidence|bbox_strict_error
MV_MAIN_038935,test_hard_negative,high,reject_recommendation,amount_mismatch,m2_correct_to_m3_wrong,audit_mismatch,,audit_mismatch
MV_MAIN_036726,test_hard_negative,high,reject_recommendation,merchant_mismatch,m2_wrong_to_m3_correct,bbox_strict_error,bbox_strict_error,
MV_MAIN_035319,test_hard_negative,high,reject_recommendation,amount_mismatch,m2_correct_to_m3_wrong,audit_mismatch,,audit_mismatch
MV_MAIN_013693,test_hard_negative,high,reject_recommendation,amount_mismatch,m2_correct_to_m3_wrong,audit_mismatch,,audit_mismatch
MV_MAIN_028198,test_hard_negative,high,reject_recommendation,merchant_mismatch,m2_wrong_to_m3_correct,bbox_strict_error,bbox_strict_error,
MV_MAIN_030485,test_hard_negative,high,reject_recommendation,applicant_mismatch,m2_correct_to_m3_wrong,bbox_strict_error,,bbox_strict_error
MV_MAIN_035817,test_hard_negative,high,reject_recommendation,amount_mismatch,m2_correct_to_m3_wrong,audit_mismatch,,audit_mismatch
MV_MAIN_026271,test_hard_negative,high,reject_recommendation,applicant_mismatch,m2_correct_to_m3_wrong,bbox_strict_error,,bbox_strict_error
MV_MAIN_039735,test_hard_negative,medium,manual_review,amount_mismatch,m2_correct_to_m3_wrong,bbox_strict_error,,bbox_strict_error
MV_MAIN_021409,test_hard_negative,high,reject_recommendation,merchant_mismatch,m2_wrong_to_m3_correct,bbox_strict_error,bbox_strict_error,
MV_MAIN_036622,test_hard_negative,high,reject_recommendation,amount_mismatch,m2_correct_to_m3_wrong,audit_mismatch,,audit_mismatch
MV_MAIN_013764,test_hard_negative,high,reject_recommendation,amount_mismatch,m2_correct_to_m3_wrong,audit_mismatch,,audit_mismatch
MV_MAIN_007309,test_hard_negative,medium,manual_review,amount_mismatch,m2_wrong_to_m3_correct,bbox_strict_error,bbox_strict_error,
MV_MAIN_032360,test_hard_negative,medium,manual_review,amount_mismatch,m2_wrong_to_m3_correct,bbox_strict_error,bbox_strict_error,
MV_MAIN_017250,test_hard_negative,high,reject_recommendation,applicant_mismatch,m2_correct_to_m3_wrong,bbox_strict_error,,bbox_strict_error
MV_MAIN_012379,test_hard_negative,high,reject_recommendation,order_id_mismatch,m2_correct_to_m3_wrong,high_risk_miss|audit_mismatch|unsupported_evidence|bbox_strict_error,,high_risk_miss|audit_mismatch|unsupported_evidence|bbox_strict_error
MV_MAIN_033642,test_hard_negative,high,reject_recommendation,order_id_mismatch,m2_wrong_to_m3_correct,high_risk_miss|audit_mismatch|unsupported_evidence|bbox_strict_error,high_risk_miss|audit_mismatch|unsupported_evidence|bbox_strict_error,
MV_MAIN_004612,test_hard_negative,high,reject_recommendation,amount_mismatch,m2_correct_to_m3_wrong,audit_mismatch,,audit_mismatch
MV_MAIN_020360,test_hard_negative,high,reject_recommendation,merchant_mismatch,m2_correct_to_m3_wrong,bbox_strict_error,,bbox_strict_error
MV_MAIN_040603,test_hard_negative,high,reject_recommendation,amount_mismatch,m2_correct_to_m3_wrong,audit_mismatch|bbox_strict_error,,audit_mismatch|bbox_strict_error
MV_MAIN_024434,test_hard_negative,high,reject_recommendation,order_id_mismatch,m2_wrong_to_m3_correct,high_risk_miss|audit_mismatch|unsupported_evidence|bbox_strict_error,high_risk_miss|audit_mismatch|unsupported_evidence|bbox_strict_error,
MV_MAIN_021312,test_hard_negative,high,reject_recommendation,order_id_mismatch,m2_wrong_to_m3_correct,high_risk_miss|audit_mismatch|unsupported_evidence|bbox_strict_error,high_risk_miss|audit_mismatch|unsupported_evidence|bbox_strict_error,
MV_MAIN_011084,test_hard_negative,high,reject_recommendation,amount_mismatch,m2_correct_to_m3_wrong,audit_mismatch,,audit_mismatch
MV_MAIN_015874,test_hard_negative,high,reject_recommendation,merchant_mismatch,m2_wrong_to_m3_correct,bbox_strict_error,bbox_strict_error,
MV_MAIN_024439,test_hard_negative,high,reject_recommendation,applicant_mismatch,m2_wrong_to_m3_correct,bbox_strict_error,bbox_strict_error,
MV_MAIN_027291,test_hard_negative,high,reject_recommendation,amount_mismatch,m2_correct_to_m3_wrong,audit_mismatch,,audit_mismatch
MV_MAIN_027225,test_hard_negative,high,reject_recommendation,amount_mismatch,m2_correct_to_m3_wrong,audit_mismatch|bbox_strict_error,,audit_mismatch|bbox_strict_error
MV_MAIN_005948,test_hard_negative,high,reject_recommendation,order_id_mismatch,m2_wrong_to_m3_correct,high_risk_miss|audit_mismatch|unsupported_evidence|bbox_strict_error,high_risk_miss|audit_mismatch|unsupported_evidence|bbox_strict_error,
MV_MAIN_004270,test_hard_negative,high,reject_recommendation,amount_mismatch,m2_correct_to_m3_wrong,audit_mismatch|bbox_strict_error,,audit_mismatch|bbox_strict_error
MV_MAIN_030699,test_hard_negative,high,reject_recommendation,merchant_mismatch,m2_wrong_to_m3_correct,bbox_strict_error,bbox_strict_error,
MV_MAIN_011340,test_hard_negative,medium,manual_review,amount_mismatch,m2_wrong_to_m3_correct,bbox_strict_error,bbox_strict_error,
MV_MAIN_040874,test_hard_negative,high,reject_recommendation,amount_mismatch,m2_correct_to_m3_wrong,audit_mismatch,,audit_mismatch
MV_MAIN_039425,test_hard_negative,high,reject_recommendation,order_id_mismatch,m2_wrong_to_m3_correct,high_risk_miss|audit_mismatch|unsupported_evidence|bbox_strict_error,high_risk_miss|audit_mismatch|unsupported_evidence|bbox_strict_error,
MV_MAIN_012228,test_hard_negative,medium,manual_review,amount_mismatch,m2_correct_to_m3_wrong,bbox_strict_error,,bbox_strict_error
MV_MAIN_039374,test_hard_negative,high,reject_recommendation,amount_mismatch,m2_correct_to_m3_wrong,audit_mismatch,,audit_mismatch
MV_MAIN_036092,test_hard_negative,high,reject_recommendation,amount_mismatch,m2_correct_to_m3_wrong,audit_mismatch|bbox_strict_error,,audit_mismatch|bbox_strict_error
MV_MAIN_037448,test_hard_negative,high,reject_recommendation,amount_mismatch,m2_correct_to_m3_wrong,audit_mismatch|bbox_strict_error,,audit_mismatch|bbox_strict_error
MV_MAIN_029705,test_hard_negative,high,reject_recommendation,amount_mismatch,m2_correct_to_m3_wrong,audit_mismatch,,audit_mismatch
MV_MAIN_013415,test_hard_negative,high,reject_recommendation,applicant_mismatch,m2_correct_to_m3_wrong,bbox_strict_error,,bbox_strict_error
MV_MAIN_013862,test_hard_negative,high,reject_recommendation,order_id_mismatch,m2_correct_to_m3_wrong,high_risk_miss|audit_mismatch|unsupported_evidence|bbox_strict_error,,high_risk_miss|audit_mismatch|unsupported_evidence|bbox_strict_error
MV_MAIN_025986,test_hard_negative,high,reject_recommendation,order_id_mismatch,m2_correct_to_m3_wrong,high_risk_miss|audit_mismatch|unsupported_evidence|bbox_strict_error,,high_risk_miss|audit_mismatch|unsupported_evidence|bbox_strict_error
MV_MAIN_016120,test_hard_negative,high,reject_recommendation,amount_mismatch,m2_correct_to_m3_wrong,audit_mismatch,,audit_mismatch
